ID Gender,Gender,ID Industry Group,Industry Group,ID Year,Year,Median Earnings by Industry and Gender,Median Earnings by Industry and Gender Moe,Geography,ID Geography,Slug Geography
0,"Male",1,"Agriculture, Forestry, Fishing & Hunting, & Mining",2023,"2023",52025,9162,"Santa Barbara, CA","16000US0669070","santa-barbara-ca"
0,"Male",2,"Construction",2023,"2023",45763,2918,"Santa Barbara, CA","16000US0669070","santa-barbara-ca"
0,"Male",3,"Manufacturing",2023,"2023",94321,36812,"Santa Barbara, CA","16000US0669070","santa-barbara-ca"
0,"Male",4,"Wholesale Trade",2023,"2023",86657,26689,"Santa Barbara, CA","16000US0669070","santa-barbara-ca"
0,"Male",5,"Retail Trade",2023,"2023",36692,4796,"Santa Barbara, CA","16000US0669070","santa-barbara-ca"
0,"Male",6,"Transportation & Warehousing, & Utilities",2023,"2023",68750,29246,"Santa Barbara, CA","16000US0669070","santa-barbara-ca"
0,"Male",7,"Information",2023,"2023",124531,43611,"Santa Barbara, CA","16000US0669070","santa-barbara-ca"
0,"Male",8,"Finance & Insurance, & Real Estate & Rental & Leasing",2023,"2023",101375,52175,"Santa Barbara, CA","16000US0669070","santa-barbara-ca"
0,"Male",9,"Professional, Scientific, & Management, & Administrative & Waste Management Services",2023,"2023",84604,20204,"Santa Barbara, CA","16000US0669070","santa-barbara-ca"
0,"Male",10,"Educational Services, & Health Care & Social Assistance",2023,"2023",71056,15585,"Santa Barbara, CA","16000US0669070","santa-barbara-ca"
0,"Male",11,"Arts, Entertainment, & Recreation, & Accommodations & Food Services",2023,"2023",32444,5709,"Santa Barbara, CA","16000US0669070","santa-barbara-ca"
0,"Male",13,"Other Services Except Public Administration",2023,"2023",49786,9593,"Santa Barbara, CA","16000US0669070","santa-barbara-ca"
0,"Male",14,"Public Administration",2023,"2023",130769,42963,"Santa Barbara, CA","16000US0669070","santa-barbara-ca"
1,"Female",1,"Agriculture, Forestry, Fishing & Hunting, & Mining",2023,"2023",41250,28961,"Santa Barbara, CA","16000US0669070","santa-barbara-ca"
1,"Female",2,"Construction",2023,"2023",19966,43517,"Santa Barbara, CA","16000US0669070","santa-barbara-ca"
1,"Female",3,"Manufacturing",2023,"2023",75721,30038,"Santa Barbara, CA","16000US0669070","santa-barbara-ca"
1,"Female",4,"Wholesale Trade",2023,"2023",27969,53237,"Santa Barbara, CA","16000US0669070","santa-barbara-ca"
1,"Female",5,"Retail Trade",2023,"2023",30432,8777,"Santa Barbara, CA","16000US0669070","santa-barbara-ca"
1,"Female",6,"Transportation & Warehousing, & Utilities",2023,"2023",27050,17696,"Santa Barbara, CA","16000US0669070","santa-barbara-ca"
1,"Female",7,"Information",2023,"2023",58125,28463,"Santa Barbara, CA","16000US0669070","santa-barbara-ca"
1,"Female",8,"Finance & Insurance, & Real Estate & Rental & Leasing",2023,"2023",65606,8842,"Santa Barbara, CA","16000US0669070","santa-barbara-ca"
1,"Female",9,"Professional, Scientific, & Management, & Administrative & Waste Management Services",2023,"2023",70379,6961,"Santa Barbara, CA","16000US0669070","santa-barbara-ca"
1,"Female",10,"Educational Services, & Health Care & Social Assistance",2023,"2023",51897,6343,"Santa Barbara, CA","16000US0669070","santa-barbara-ca"
1,"Female",11,"Arts, Entertainment, & Recreation, & Accommodations & Food Services",2023,"2023",26604,3041,"Santa Barbara, CA","16000US0669070","santa-barbara-ca"
1,"Female",13,"Other Services Except Public Administration",2023,"2023",27560,10311,"Santa Barbara, CA","16000US0669070","santa-barbara-ca"
1,"Female",14,"Public Administration",2023,"2023",84012,4846,"Santa Barbara, CA","16000US0669070","santa-barbara-ca"
0,"Male",1,"Agriculture, Forestry, Fishing & Hunting, & Mining",2022,"2022",50000,52631,"Santa Barbara, CA","16000US0669070","santa-barbara-ca"
0,"Male",2,"Construction",2022,"2022",42664,4650,"Santa Barbara, CA","16000US0669070","santa-barbara-ca"
0,"Male",3,"Manufacturing",2022,"2022",96307,36186,"Santa Barbara, CA","16000US0669070","santa-barbara-ca"
0,"Male",4,"Wholesale Trade",2022,"2022",63750,29729,"Santa Barbara, CA","16000US0669070","santa-barbara-ca"
0,"Male",5,"Retail Trade",2022,"2022",36716,5178,"Santa Barbara, CA","16000US0669070","santa-barbara-ca"
0,"Male",6,"Transportation & Warehousing, & Utilities",2022,"2022",64288,25243,"Santa Barbara, CA","16000US0669070","santa-barbara-ca"
0,"Male",7,"Information",2022,"2022",93750,53132,"Santa Barbara, CA","16000US0669070","santa-barbara-ca"
0,"Male",8,"Finance & Insurance, & Real Estate & Rental & Leasing",2022,"2022",89595,58387,"Santa Barbara, CA","16000US0669070","santa-barbara-ca"
0,"Male",9,"Professional, Scientific, & Management, & Administrative & Waste Management Services",2022,"2022",73850,14147,"Santa Barbara, CA","16000US0669070","santa-barbara-ca"
0,"Male",10,"Educational Services, & Health Care & Social Assistance",2022,"2022",61917,16773,"Santa Barbara, CA","16000US0669070","santa-barbara-ca"
0,"Male",11,"Arts, Entertainment, & Recreation, & Accommodations & Food Services",2022,"2022",25321,7038,"Santa Barbara, CA","16000US0669070","santa-barbara-ca"
0,"Male",13,"Other Services Except Public Administration",2022,"2022",47096,12309,"Santa Barbara, CA","16000US0669070","santa-barbara-ca"
0,"Male",14,"Public Administration",2022,"2022",106993,26526,"Santa Barbara, CA","16000US0669070","santa-barbara-ca"
1,"Female",1,"Agriculture, Forestry, Fishing & Hunting, & Mining",2022,"2022",36625,22713,"Santa Barbara, CA","16000US0669070","santa-barbara-ca"
1,"Female",2,"Construction",2022,"2022",70716,25770,"Santa Barbara, CA","16000US0669070","santa-barbara-ca"
1,"Female",3,"Manufacturing",2022,"2022",76046,22178,"Santa Barbara, CA","16000US0669070","santa-barbara-ca"
1,"Female",4,"Wholesale Trade",2022,"2022",28484,48512,"Santa Barbara, CA","16000US0669070","santa-barbara-ca"
1,"Female",5,"Retail Trade",2022,"2022",31398,7919,"Santa Barbara, CA","16000US0669070","santa-barbara-ca"
1,"Female",6,"Transportation & Warehousing, & Utilities",2022,"2022",38563,11862,"Santa Barbara, CA","16000US0669070","santa-barbara-ca"
1,"Female",7,"Information",2022,"2022",60536,21705,"Santa Barbara, CA","16000US0669070","santa-barbara-ca"
1,"Female",8,"Finance & Insurance, & Real Estate & Rental & Leasing",2022,"2022",63006,9608,"Santa Barbara, CA","16000US0669070","santa-barbara-ca"
1,"Female",9,"Professional, Scientific, & Management, & Administrative & Waste Management Services",2022,"2022",64094,7204,"Santa Barbara, CA","16000US0669070","santa-barbara-ca"
1,"Female",10,"Educational Services, & Health Care & Social Assistance",2022,"2022",47167,4672,"Santa Barbara, CA","16000US0669070","santa-barbara-ca"
1,"Female",11,"Arts, Entertainment, & Recreation, & Accommodations & Food Services",2022,"2022",23614,2958,"Santa Barbara, CA","16000US0669070","santa-barbara-ca"
1,"Female",13,"Other Services Except Public Administration",2022,"2022",23738,1515,"Santa Barbara, CA","16000US0669070","santa-barbara-ca"
1,"Female",14,"Public Administration",2022,"2022",82545,2829,"Santa Barbara, CA","16000US0669070","santa-barbara-ca"
0,"Male",1,"Agriculture, Forestry, Fishing & Hunting, & Mining",2021,"2021",55833,72192,"Santa Barbara, CA","16000US0669070","santa-barbara-ca"
0,"Male",2,"Construction",2021,"2021",41808,5584,"Santa Barbara, CA","16000US0669070","santa-barbara-ca"
0,"Male",3,"Manufacturing",2021,"2021",88306,23438,"Santa Barbara, CA","16000US0669070","santa-barbara-ca"
0,"Male",4,"Wholesale Trade",2021,"2021",41354,31981,"Santa Barbara, CA","16000US0669070","santa-barbara-ca"
0,"Male",5,"Retail Trade",2021,"2021",33816,5174,"Santa Barbara, CA","16000US0669070","santa-barbara-ca"
0,"Male",6,"Transportation & Warehousing, & Utilities",2021,"2021",57750,39117,"Santa Barbara, CA","16000US0669070","santa-barbara-ca"
0,"Male",7,"Information",2021,"2021",104677,67146,"Santa Barbara, CA","16000US0669070","santa-barbara-ca"
0,"Male",8,"Finance & Insurance, & Real Estate & Rental & Leasing",2021,"2021",85869,40188,"Santa Barbara, CA","16000US0669070","santa-barbara-ca"
0,"Male",9,"Professional, Scientific, & Management, & Administrative & Waste Management Services",2021,"2021",65105,9229,"Santa Barbara, CA","16000US0669070","santa-barbara-ca"
0,"Male",10,"Educational Services, & Health Care & Social Assistance",2021,"2021",56868,9653,"Santa Barbara, CA","16000US0669070","santa-barbara-ca"
0,"Male",11,"Arts, Entertainment, & Recreation, & Accommodations & Food Services",2021,"2021",25453,5093,"Santa Barbara, CA","16000US0669070","santa-barbara-ca"
0,"Male",13,"Other Services Except Public Administration",2021,"2021",42712,14456,"Santa Barbara, CA","16000US0669070","santa-barbara-ca"
0,"Male",14,"Public Administration",2021,"2021",101806,15397,"Santa Barbara, CA","16000US0669070","santa-barbara-ca"
1,"Female",1,"Agriculture, Forestry, Fishing & Hunting, & Mining",2021,"2021",27206,72229,"Santa Barbara, CA","16000US0669070","santa-barbara-ca"
1,"Female",2,"Construction",2021,"2021",63958,38040,"Santa Barbara, CA","16000US0669070","santa-barbara-ca"
1,"Female",3,"Manufacturing",2021,"2021",47214,19449,"Santa Barbara, CA","16000US0669070","santa-barbara-ca"
1,"Female",4,"Wholesale Trade",2021,"2021",14978,77377,"Santa Barbara, CA","16000US0669070","santa-barbara-ca"
1,"Female",5,"Retail Trade",2021,"2021",31271,9542,"Santa Barbara, CA","16000US0669070","santa-barbara-ca"
1,"Female",6,"Transportation & Warehousing, & Utilities",2021,"2021",44444,12631,"Santa Barbara, CA","16000US0669070","santa-barbara-ca"
1,"Female",7,"Information",2021,"2021",51115,15293,"Santa Barbara, CA","16000US0669070","santa-barbara-ca"
1,"Female",8,"Finance & Insurance, & Real Estate & Rental & Leasing",2021,"2021",59297,8063,"Santa Barbara, CA","16000US0669070","santa-barbara-ca"
1,"Female",9,"Professional, Scientific, & Management, & Administrative & Waste Management Services",2021,"2021",64836,11602,"Santa Barbara, CA","16000US0669070","santa-barbara-ca"
1,"Female",10,"Educational Services, & Health Care & Social Assistance",2021,"2021",45708,3929,"Santa Barbara, CA","16000US0669070","santa-barbara-ca"
1,"Female",11,"Arts, Entertainment, & Recreation, & Accommodations & Food Services",2021,"2021",20055,4563,"Santa Barbara, CA","16000US0669070","santa-barbara-ca"
1,"Female",13,"Other Services Except Public Administration",2021,"2021",20835,2280,"Santa Barbara, CA","16000US0669070","santa-barbara-ca"
1,"Female",14,"Public Administration",2021,"2021",76635,2862,"Santa Barbara, CA","16000US0669070","santa-barbara-ca"
0,"Male",1,"Agriculture, Forestry, Fishing & Hunting, & Mining",2020,"2020",40568,22833,"Santa Barbara, CA","16000US0669070","santa-barbara-ca"
0,"Male",2,"Construction",2020,"2020",37417,4158,"Santa Barbara, CA","16000US0669070","santa-barbara-ca"
0,"Male",3,"Manufacturing",2020,"2020",84594,20647,"Santa Barbara, CA","16000US0669070","santa-barbara-ca"
0,"Male",4,"Wholesale Trade",2020,"2020",48085,11886,"Santa Barbara, CA","16000US0669070","santa-barbara-ca"
0,"Male",5,"Retail Trade",2020,"2020",36938,10170,"Santa Barbara, CA","16000US0669070","santa-barbara-ca"
0,"Male",6,"Transportation & Warehousing, & Utilities",2020,"2020",46406,26434,"Santa Barbara, CA","16000US0669070","santa-barbara-ca"
0,"Male",7,"Information",2020,"2020",69145,32977,"Santa Barbara, CA","16000US0669070","santa-barbara-ca"
0,"Male",8,"Finance & Insurance, & Real Estate & Rental & Leasing",2020,"2020",80224,22501,"Santa Barbara, CA","16000US0669070","santa-barbara-ca"
0,"Male",9,"Professional, Scientific, & Management, & Administrative & Waste Management Services",2020,"2020",60785,10936,"Santa Barbara, CA","16000US0669070","santa-barbara-ca"
0,"Male",10,"Educational Services, & Health Care & Social Assistance",2020,"2020",54299,14531,"Santa Barbara, CA","16000US0669070","santa-barbara-ca"
0,"Male",11,"Arts, Entertainment, & Recreation, & Accommodations & Food Services",2020,"2020",25472,2704,"Santa Barbara, CA","16000US0669070","santa-barbara-ca"
0,"Male",13,"Other Services Except Public Administration",2020,"2020",40933,12817,"Santa Barbara, CA","16000US0669070","santa-barbara-ca"
0,"Male",14,"Public Administration",2020,"2020",105306,21012,"Santa Barbara, CA","16000US0669070","santa-barbara-ca"
1,"Female",1,"Agriculture, Forestry, Fishing & Hunting, & Mining",2020,"2020",63021,80473,"Santa Barbara, CA","16000US0669070","santa-barbara-ca"
1,"Female",2,"Construction",2020,"2020",47000,26542,"Santa Barbara, CA","16000US0669070","santa-barbara-ca"
1,"Female",3,"Manufacturing",2020,"2020",42272,3541,"Santa Barbara, CA","16000US0669070","santa-barbara-ca"
1,"Female",4,"Wholesale Trade",2020,"2020",14921,67830,"Santa Barbara, CA","16000US0669070","santa-barbara-ca"
1,"Female",5,"Retail Trade",2020,"2020",22921,7733,"Santa Barbara, CA","16000US0669070","santa-barbara-ca"
1,"Female",6,"Transportation & Warehousing, & Utilities",2020,"2020",41452,13753,"Santa Barbara, CA","16000US0669070","santa-barbara-ca"
1,"Female",7,"Information",2020,"2020",53750,17693,"Santa Barbara, CA","16000US0669070","santa-barbara-ca"
1,"Female",8,"Finance & Insurance, & Real Estate & Rental & Leasing",2020,"2020",55375,5864,"Santa Barbara, CA","16000US0669070","santa-barbara-ca"
1,"Female",9,"Professional, Scientific, & Management, & Administrative & Waste Management Services",2020,"2020",56696,7639,"Santa Barbara, CA","16000US0669070","santa-barbara-ca"
1,"Female",10,"Educational Services, & Health Care & Social Assistance",2020,"2020",41803,2010,"Santa Barbara, CA","16000US0669070","santa-barbara-ca"
1,"Female",11,"Arts, Entertainment, & Recreation, & Accommodations & Food Services",2020,"2020",19906,2474,"Santa Barbara, CA","16000US0669070","santa-barbara-ca"
1,"Female",13,"Other Services Except Public Administration",2020,"2020",21314,2367,"Santa Barbara, CA","16000US0669070","santa-barbara-ca"
1,"Female",14,"Public Administration",2020,"2020",70679,4965,"Santa Barbara, CA","16000US0669070","santa-barbara-ca"
0,"Male",1,"Agriculture, Forestry, Fishing & Hunting, & Mining",2019,"2019",32031,54845,"Santa Barbara, CA","16000US0669070","santa-barbara-ca"
0,"Male",2,"Construction",2019,"2019",37155,4345,"Santa Barbara, CA","16000US0669070","santa-barbara-ca"
0,"Male",3,"Manufacturing",2019,"2019",79460,13671,"Santa Barbara, CA","16000US0669070","santa-barbara-ca"
0,"Male",4,"Wholesale Trade",2019,"2019",50446,5108,"Santa Barbara, CA","16000US0669070","santa-barbara-ca"
0,"Male",5,"Retail Trade",2019,"2019",39127,6532,"Santa Barbara, CA","16000US0669070","santa-barbara-ca"
0,"Male",6,"Transportation & Warehousing, & Utilities",2019,"2019",38812,11542,"Santa Barbara, CA","16000US0669070","santa-barbara-ca"
0,"Male",7,"Information",2019,"2019",63942,10646,"Santa Barbara, CA","16000US0669070","santa-barbara-ca"
0,"Male",8,"Finance & Insurance, & Real Estate & Rental & Leasing",2019,"2019",81995,40825,"Santa Barbara, CA","16000US0669070","santa-barbara-ca"
0,"Male",9,"Professional, Scientific, & Management, & Administrative & Waste Management Services",2019,"2019",54451,14338,"Santa Barbara, CA","16000US0669070","santa-barbara-ca"
0,"Male",10,"Educational Services, & Health Care & Social Assistance",2019,"2019",51756,8220,"Santa Barbara, CA","16000US0669070","santa-barbara-ca"
0,"Male",11,"Arts, Entertainment, & Recreation, & Accommodations & Food Services",2019,"2019",24834,3415,"Santa Barbara, CA","16000US0669070","santa-barbara-ca"
0,"Male",13,"Other Services Except Public Administration",2019,"2019",34157,10417,"Santa Barbara, CA","16000US0669070","santa-barbara-ca"
0,"Male",14,"Public Administration",2019,"2019",101667,22799,"Santa Barbara, CA","16000US0669070","santa-barbara-ca"
1,"Female",1,"Agriculture, Forestry, Fishing & Hunting, & Mining",2019,"2019",56250,112949,"Santa Barbara, CA","16000US0669070","santa-barbara-ca"
1,"Female",2,"Construction",2019,"2019",40417,19555,"Santa Barbara, CA","16000US0669070","santa-barbara-ca"
1,"Female",3,"Manufacturing",2019,"2019",43701,9102,"Santa Barbara, CA","16000US0669070","santa-barbara-ca"
1,"Female",4,"Wholesale Trade",2019,"2019",63654,31952,"Santa Barbara, CA","16000US0669070","santa-barbara-ca"
1,"Female",5,"Retail Trade",2019,"2019",23964,5477,"Santa Barbara, CA","16000US0669070","santa-barbara-ca"
1,"Female",6,"Transportation & Warehousing, & Utilities",2019,"2019",45250,12771,"Santa Barbara, CA","16000US0669070","santa-barbara-ca"
1,"Female",7,"Information",2019,"2019",44779,15057,"Santa Barbara, CA","16000US0669070","santa-barbara-ca"
1,"Female",8,"Finance & Insurance, & Real Estate & Rental & Leasing",2019,"2019",58566,11402,"Santa Barbara, CA","16000US0669070","santa-barbara-ca"
1,"Female",9,"Professional, Scientific, & Management, & Administrative & Waste Management Services",2019,"2019",40884,10055,"Santa Barbara, CA","16000US0669070","santa-barbara-ca"
1,"Female",10,"Educational Services, & Health Care & Social Assistance",2019,"2019",41540,2890,"Santa Barbara, CA","16000US0669070","santa-barbara-ca"
1,"Female",11,"Arts, Entertainment, & Recreation, & Accommodations & Food Services",2019,"2019",20434,1750,"Santa Barbara, CA","16000US0669070","santa-barbara-ca"
1,"Female",13,"Other Services Except Public Administration",2019,"2019",20295,3406,"Santa Barbara, CA","16000US0669070","santa-barbara-ca"
1,"Female",14,"Public Administration",2019,"2019",68768,7899,"Santa Barbara, CA","16000US0669070","santa-barbara-ca"
0,"Male",1,"Agriculture, Forestry, Fishing & Hunting, & Mining",2018,"2018",26984,18596,"Santa Barbara, CA","16000US0669070","santa-barbara-ca"
0,"Male",2,"Construction",2018,"2018",35690,4249,"Santa Barbara, CA","16000US0669070","santa-barbara-ca"
0,"Male",3,"Manufacturing",2018,"2018",71190,15052,"Santa Barbara, CA","16000US0669070","santa-barbara-ca"
0,"Male",4,"Wholesale Trade",2018,"2018",49129,6216,"Santa Barbara, CA","16000US0669070","santa-barbara-ca"
0,"Male",5,"Retail Trade",2018,"2018",30670,7453,"Santa Barbara, CA","16000US0669070","santa-barbara-ca"
0,"Male",6,"Transportation & Warehousing, & Utilities",2018,"2018",38656,9783,"Santa Barbara, CA","16000US0669070","santa-barbara-ca"
0,"Male",7,"Information",2018,"2018",59449,7950,"Santa Barbara, CA","16000US0669070","santa-barbara-ca"
0,"Male",8,"Finance & Insurance, & Real Estate & Rental & Leasing",2018,"2018",72716,19166,"Santa Barbara, CA","16000US0669070","santa-barbara-ca"
0,"Male",9,"Professional, Scientific, & Management, & Administrative & Waste Management Services",2018,"2018",47179,10158,"Santa Barbara, CA","16000US0669070","santa-barbara-ca"
0,"Male",10,"Educational Services, & Health Care & Social Assistance",2018,"2018",51382,6598,"Santa Barbara, CA","16000US0669070","santa-barbara-ca"
0,"Male",11,"Arts, Entertainment, & Recreation, & Accommodations & Food Services",2018,"2018",25374,3470,"Santa Barbara, CA","16000US0669070","santa-barbara-ca"
0,"Male",13,"Other Services Except Public Administration",2018,"2018",24485,9436,"Santa Barbara, CA","16000US0669070","santa-barbara-ca"
0,"Male",14,"Public Administration",2018,"2018",90125,17661,"Santa Barbara, CA","16000US0669070","santa-barbara-ca"
1,"Female",1,"Agriculture, Forestry, Fishing & Hunting, & Mining",2018,"2018",22826,10151,"Santa Barbara, CA","16000US0669070","santa-barbara-ca"
1,"Female",2,"Construction",2018,"2018",32245,20782,"Santa Barbara, CA","16000US0669070","santa-barbara-ca"
1,"Female",3,"Manufacturing",2018,"2018",42561,13149,"Santa Barbara, CA","16000US0669070","santa-barbara-ca"
1,"Female",4,"Wholesale Trade",2018,"2018",70444,14372,"Santa Barbara, CA","16000US0669070","santa-barbara-ca"
1,"Female",5,"Retail Trade",2018,"2018",21296,3980,"Santa Barbara, CA","16000US0669070","santa-barbara-ca"
1,"Female",6,"Transportation & Warehousing, & Utilities",2018,"2018",46719,9385,"Santa Barbara, CA","16000US0669070","santa-barbara-ca"
1,"Female",7,"Information",2018,"2018",42287,8835,"Santa Barbara, CA","16000US0669070","santa-barbara-ca"
1,"Female",8,"Finance & Insurance, & Real Estate & Rental & Leasing",2018,"2018",54939,13797,"Santa Barbara, CA","16000US0669070","santa-barbara-ca"
1,"Female",9,"Professional, Scientific, & Management, & Administrative & Waste Management Services",2018,"2018",39631,6575,"Santa Barbara, CA","16000US0669070","santa-barbara-ca"
1,"Female",10,"Educational Services, & Health Care & Social Assistance",2018,"2018",41823,2805,"Santa Barbara, CA","16000US0669070","santa-barbara-ca"
1,"Female",11,"Arts, Entertainment, & Recreation, & Accommodations & Food Services",2018,"2018",19759,3716,"Santa Barbara, CA","16000US0669070","santa-barbara-ca"
1,"Female",13,"Other Services Except Public Administration",2018,"2018",19760,3819,"Santa Barbara, CA","16000US0669070","santa-barbara-ca"
1,"Female",14,"Public Administration",2018,"2018",64458,6457,"Santa Barbara, CA","16000US0669070","santa-barbara-ca"
0,"Male",1,"Agriculture, Forestry, Fishing & Hunting, & Mining",2017,"2017",27260,15672,"Santa Barbara, CA","16000US0669070","santa-barbara-ca"
0,"Male",2,"Construction",2017,"2017",32349,4670,"Santa Barbara, CA","16000US0669070","santa-barbara-ca"
0,"Male",3,"Manufacturing",2017,"2017",61196,12305,"Santa Barbara, CA","16000US0669070","santa-barbara-ca"
0,"Male",4,"Wholesale Trade",2017,"2017",48241,10003,"Santa Barbara, CA","16000US0669070","santa-barbara-ca"
0,"Male",5,"Retail Trade",2017,"2017",25786,8945,"Santa Barbara, CA","16000US0669070","santa-barbara-ca"
0,"Male",6,"Transportation & Warehousing, & Utilities",2017,"2017",42162,12068,"Santa Barbara, CA","16000US0669070","santa-barbara-ca"
0,"Male",7,"Information",2017,"2017",59017,4189,"Santa Barbara, CA","16000US0669070","santa-barbara-ca"
0,"Male",8,"Finance & Insurance, & Real Estate & Rental & Leasing",2017,"2017",62500,16108,"Santa Barbara, CA","16000US0669070","santa-barbara-ca"
0,"Male",9,"Professional, Scientific, & Management, & Administrative & Waste Management Services",2017,"2017",44277,8217,"Santa Barbara, CA","16000US0669070","santa-barbara-ca"
0,"Male",10,"Educational Services, & Health Care & Social Assistance",2017,"2017",52309,6866,"Santa Barbara, CA","16000US0669070","santa-barbara-ca"
0,"Male",11,"Arts, Entertainment, & Recreation, & Accommodations & Food Services",2017,"2017",24440,3030,"Santa Barbara, CA","16000US0669070","santa-barbara-ca"
0,"Male",13,"Other Services Except Public Administration",2017,"2017",25895,3622,"Santa Barbara, CA","16000US0669070","santa-barbara-ca"
0,"Male",14,"Public Administration",2017,"2017",88711,15998,"Santa Barbara, CA","16000US0669070","santa-barbara-ca"
1,"Female",1,"Agriculture, Forestry, Fishing & Hunting, & Mining",2017,"2017",16302,2212,"Santa Barbara, CA","16000US0669070","santa-barbara-ca"
1,"Female",2,"Construction",2017,"2017",26010,9078,"Santa Barbara, CA","16000US0669070","santa-barbara-ca"
1,"Female",3,"Manufacturing",2017,"2017",41492,10137,"Santa Barbara, CA","16000US0669070","santa-barbara-ca"
1,"Female",4,"Wholesale Trade",2017,"2017",62313,19217,"Santa Barbara, CA","16000US0669070","santa-barbara-ca"
1,"Female",5,"Retail Trade",2017,"2017",18383,3316,"Santa Barbara, CA","16000US0669070","santa-barbara-ca"
1,"Female",6,"Transportation & Warehousing, & Utilities",2017,"2017",44444,11995,"Santa Barbara, CA","16000US0669070","santa-barbara-ca"
1,"Female",7,"Information",2017,"2017",43168,2950,"Santa Barbara, CA","16000US0669070","santa-barbara-ca"
1,"Female",8,"Finance & Insurance, & Real Estate & Rental & Leasing",2017,"2017",47254,6354,"Santa Barbara, CA","16000US0669070","santa-barbara-ca"
1,"Female",9,"Professional, Scientific, & Management, & Administrative & Waste Management Services",2017,"2017",36541,5769,"Santa Barbara, CA","16000US0669070","santa-barbara-ca"
1,"Female",10,"Educational Services, & Health Care & Social Assistance",2017,"2017",40874,3067,"Santa Barbara, CA","16000US0669070","santa-barbara-ca"
1,"Female",11,"Arts, Entertainment, & Recreation, & Accommodations & Food Services",2017,"2017",18350,3764,"Santa Barbara, CA","16000US0669070","santa-barbara-ca"
1,"Female",13,"Other Services Except Public Administration",2017,"2017",22639,5146,"Santa Barbara, CA","16000US0669070","santa-barbara-ca"
1,"Female",14,"Public Administration",2017,"2017",55259,15752,"Santa Barbara, CA","16000US0669070","santa-barbara-ca"
0,"Male",1,"Agriculture, Forestry, Fishing & Hunting, & Mining",2016,"2016",24667,11382,"Santa Barbara, CA","16000US0669070","santa-barbara-ca"
0,"Male",2,"Construction",2016,"2016",27979,3511,"Santa Barbara, CA","16000US0669070","santa-barbara-ca"
0,"Male",3,"Manufacturing",2016,"2016",57986,9101,"Santa Barbara, CA","16000US0669070","santa-barbara-ca"
0,"Male",4,"Wholesale Trade",2016,"2016",51612,19702,"Santa Barbara, CA","16000US0669070","santa-barbara-ca"
0,"Male",5,"Retail Trade",2016,"2016",25880,5501,"Santa Barbara, CA","16000US0669070","santa-barbara-ca"
0,"Male",6,"Transportation & Warehousing, & Utilities",2016,"2016",40838,2732,"Santa Barbara, CA","16000US0669070","santa-barbara-ca"
0,"Male",7,"Information",2016,"2016",56784,14186,"Santa Barbara, CA","16000US0669070","santa-barbara-ca"
0,"Male",8,"Finance & Insurance, & Real Estate & Rental & Leasing",2016,"2016",52214,10525,"Santa Barbara, CA","16000US0669070","santa-barbara-ca"
0,"Male",9,"Professional, Scientific, & Management, & Administrative & Waste Management Services",2016,"2016",42326,7557,"Santa Barbara, CA","16000US0669070","santa-barbara-ca"
0,"Male",10,"Educational Services, & Health Care & Social Assistance",2016,"2016",53412,8495,"Santa Barbara, CA","16000US0669070","santa-barbara-ca"
0,"Male",11,"Arts, Entertainment, & Recreation, & Accommodations & Food Services",2016,"2016",24614,3757,"Santa Barbara, CA","16000US0669070","santa-barbara-ca"
0,"Male",13,"Other Services Except Public Administration",2016,"2016",25422,4137,"Santa Barbara, CA","16000US0669070","santa-barbara-ca"
0,"Male",14,"Public Administration",2016,"2016",82227,10459,"Santa Barbara, CA","16000US0669070","santa-barbara-ca"
1,"Female",1,"Agriculture, Forestry, Fishing & Hunting, & Mining",2016,"2016",12449,9135,"Santa Barbara, CA","16000US0669070","santa-barbara-ca"
1,"Female",2,"Construction",2016,"2016",21750,9392,"Santa Barbara, CA","16000US0669070","santa-barbara-ca"
1,"Female",3,"Manufacturing",2016,"2016",40720,11241,"Santa Barbara, CA","16000US0669070","santa-barbara-ca"
1,"Female",4,"Wholesale Trade",2016,"2016",51569,17234,"Santa Barbara, CA","16000US0669070","santa-barbara-ca"
1,"Female",5,"Retail Trade",2016,"2016",16999,2308,"Santa Barbara, CA","16000US0669070","santa-barbara-ca"
1,"Female",6,"Transportation & Warehousing, & Utilities",2016,"2016",32372,19991,"Santa Barbara, CA","16000US0669070","santa-barbara-ca"
1,"Female",7,"Information",2016,"2016",41864,6022,"Santa Barbara, CA","16000US0669070","santa-barbara-ca"
1,"Female",8,"Finance & Insurance, & Real Estate & Rental & Leasing",2016,"2016",43846,6769,"Santa Barbara, CA","16000US0669070","santa-barbara-ca"
1,"Female",9,"Professional, Scientific, & Management, & Administrative & Waste Management Services",2016,"2016",35000,5904,"Santa Barbara, CA","16000US0669070","santa-barbara-ca"
1,"Female",10,"Educational Services, & Health Care & Social Assistance",2016,"2016",37360,3640,"Santa Barbara, CA","16000US0669070","santa-barbara-ca"
1,"Female",11,"Arts, Entertainment, & Recreation, & Accommodations & Food Services",2016,"2016",17742,3080,"Santa Barbara, CA","16000US0669070","santa-barbara-ca"
1,"Female",13,"Other Services Except Public Administration",2016,"2016",21471,3414,"Santa Barbara, CA","16000US0669070","santa-barbara-ca"
1,"Female",14,"Public Administration",2016,"2016",50455,13465,"Santa Barbara, CA","16000US0669070","santa-barbara-ca"
0,"Male",1,"Agriculture, Forestry, Fishing & Hunting, & Mining",2015,"2015",40645,29572,"Santa Barbara, CA","16000US0669070","santa-barbara-ca"
0,"Male",2,"Construction",2015,"2015",27854,3964,"Santa Barbara, CA","16000US0669070","santa-barbara-ca"
0,"Male",3,"Manufacturing",2015,"2015",54206,7966,"Santa Barbara, CA","16000US0669070","santa-barbara-ca"
0,"Male",4,"Wholesale Trade",2015,"2015",52083,82454,"Santa Barbara, CA","16000US0669070","santa-barbara-ca"
0,"Male",5,"Retail Trade",2015,"2015",26152,3390,"Santa Barbara, CA","16000US0669070","santa-barbara-ca"
0,"Male",6,"Transportation & Warehousing, & Utilities",2015,"2015",41750,15180,"Santa Barbara, CA","16000US0669070","santa-barbara-ca"
0,"Male",7,"Information",2015,"2015",55484,14100,"Santa Barbara, CA","16000US0669070","santa-barbara-ca"
0,"Male",8,"Finance & Insurance, & Real Estate & Rental & Leasing",2015,"2015",55368,10184,"Santa Barbara, CA","16000US0669070","santa-barbara-ca"
0,"Male",9,"Professional, Scientific, & Management, & Administrative & Waste Management Services",2015,"2015",43875,13477,"Santa Barbara, CA","16000US0669070","santa-barbara-ca"
0,"Male",10,"Educational Services, & Health Care & Social Assistance",2015,"2015",52234,9436,"Santa Barbara, CA","16000US0669070","santa-barbara-ca"
0,"Male",11,"Arts, Entertainment, & Recreation, & Accommodations & Food Services",2015,"2015",23701,3056,"Santa Barbara, CA","16000US0669070","santa-barbara-ca"
0,"Male",13,"Other Services Except Public Administration",2015,"2015",25612,2912,"Santa Barbara, CA","16000US0669070","santa-barbara-ca"
0,"Male",14,"Public Administration",2015,"2015",80660,12610,"Santa Barbara, CA","16000US0669070","santa-barbara-ca"
1,"Female",1,"Agriculture, Forestry, Fishing & Hunting, & Mining",2015,"2015",15526,8222,"Santa Barbara, CA","16000US0669070","santa-barbara-ca"
1,"Female",2,"Construction",2015,"2015",28409,22006,"Santa Barbara, CA","16000US0669070","santa-barbara-ca"
1,"Female",3,"Manufacturing",2015,"2015",41383,9840,"Santa Barbara, CA","16000US0669070","santa-barbara-ca"
1,"Female",4,"Wholesale Trade",2015,"2015",52417,23323,"Santa Barbara, CA","16000US0669070","santa-barbara-ca"
1,"Female",5,"Retail Trade",2015,"2015",18539,4599,"Santa Barbara, CA","16000US0669070","santa-barbara-ca"
1,"Female",6,"Transportation & Warehousing, & Utilities",2015,"2015",40063,13451,"Santa Barbara, CA","16000US0669070","santa-barbara-ca"
1,"Female",7,"Information",2015,"2015",41447,5652,"Santa Barbara, CA","16000US0669070","santa-barbara-ca"
1,"Female",8,"Finance & Insurance, & Real Estate & Rental & Leasing",2015,"2015",45101,6452,"Santa Barbara, CA","16000US0669070","santa-barbara-ca"
1,"Female",9,"Professional, Scientific, & Management, & Administrative & Waste Management Services",2015,"2015",31296,3243,"Santa Barbara, CA","16000US0669070","santa-barbara-ca"
1,"Female",10,"Educational Services, & Health Care & Social Assistance",2015,"2015",37443,5002,"Santa Barbara, CA","16000US0669070","santa-barbara-ca"
1,"Female",11,"Arts, Entertainment, & Recreation, & Accommodations & Food Services",2015,"2015",17146,1561,"Santa Barbara, CA","16000US0669070","santa-barbara-ca"
1,"Female",13,"Other Services Except Public Administration",2015,"2015",20085,4239,"Santa Barbara, CA","16000US0669070","santa-barbara-ca"
1,"Female",14,"Public Administration",2015,"2015",49271,13105,"Santa Barbara, CA","16000US0669070","santa-barbara-ca"
0,"Male",1,"Agriculture, Forestry, Fishing & Hunting, & Mining",2014,"2014",40982,20924,"Santa Barbara, CA","16000US0669070","santa-barbara-ca"
0,"Male",2,"Construction",2014,"2014",26632,1657,"Santa Barbara, CA","16000US0669070","santa-barbara-ca"
0,"Male",3,"Manufacturing",2014,"2014",53575,5540,"Santa Barbara, CA","16000US0669070","santa-barbara-ca"
0,"Male",4,"Wholesale Trade",2014,"2014",77120,56024,"Santa Barbara, CA","16000US0669070","santa-barbara-ca"
0,"Male",5,"Retail Trade",2014,"2014",26412,5140,"Santa Barbara, CA","16000US0669070","santa-barbara-ca"
0,"Male",6,"Transportation & Warehousing, & Utilities",2014,"2014",55972,11031,"Santa Barbara, CA","16000US0669070","santa-barbara-ca"
0,"Male",7,"Information",2014,"2014",52143,34021,"Santa Barbara, CA","16000US0669070","santa-barbara-ca"
0,"Male",8,"Finance & Insurance, & Real Estate & Rental & Leasing",2014,"2014",53472,15897,"Santa Barbara, CA","16000US0669070","santa-barbara-ca"
0,"Male",9,"Professional, Scientific, & Management, & Administrative & Waste Management Services",2014,"2014",42557,10385,"Santa Barbara, CA","16000US0669070","santa-barbara-ca"
0,"Male",10,"Educational Services, & Health Care & Social Assistance",2014,"2014",60667,7048,"Santa Barbara, CA","16000US0669070","santa-barbara-ca"
0,"Male",11,"Arts, Entertainment, & Recreation, & Accommodations & Food Services",2014,"2014",22094,2254,"Santa Barbara, CA","16000US0669070","santa-barbara-ca"
0,"Male",13,"Other Services Except Public Administration",2014,"2014",24207,2342,"Santa Barbara, CA","16000US0669070","santa-barbara-ca"
0,"Male",14,"Public Administration",2014,"2014",83723,2788,"Santa Barbara, CA","16000US0669070","santa-barbara-ca"
1,"Female",1,"Agriculture, Forestry, Fishing & Hunting, & Mining",2014,"2014",12059,8181,"Santa Barbara, CA","16000US0669070","santa-barbara-ca"
1,"Female",2,"Construction",2014,"2014",80170,102251,"Santa Barbara, CA","16000US0669070","santa-barbara-ca"
1,"Female",3,"Manufacturing",2014,"2014",37489,9613,"Santa Barbara, CA","16000US0669070","santa-barbara-ca"
1,"Female",4,"Wholesale Trade",2014,"2014",46890,11225,"Santa Barbara, CA","16000US0669070","santa-barbara-ca"
1,"Female",5,"Retail Trade",2014,"2014",17334,3743,"Santa Barbara, CA","16000US0669070","santa-barbara-ca"
1,"Female",6,"Transportation & Warehousing, & Utilities",2014,"2014",36650,8293,"Santa Barbara, CA","16000US0669070","santa-barbara-ca"
1,"Female",7,"Information",2014,"2014",42159,6004,"Santa Barbara, CA","16000US0669070","santa-barbara-ca"
1,"Female",8,"Finance & Insurance, & Real Estate & Rental & Leasing",2014,"2014",39597,4081,"Santa Barbara, CA","16000US0669070","santa-barbara-ca"
1,"Female",9,"Professional, Scientific, & Management, & Administrative & Waste Management Services",2014,"2014",31994,4788,"Santa Barbara, CA","16000US0669070","santa-barbara-ca"
1,"Female",10,"Educational Services, & Health Care & Social Assistance",2014,"2014",38948,4599,"Santa Barbara, CA","16000US0669070","santa-barbara-ca"
1,"Female",11,"Arts, Entertainment, & Recreation, & Accommodations & Food Services",2014,"2014",16610,1374,"Santa Barbara, CA","16000US0669070","santa-barbara-ca"
1,"Female",13,"Other Services Except Public Administration",2014,"2014",18813,3164,"Santa Barbara, CA","16000US0669070","santa-barbara-ca"
1,"Female",14,"Public Administration",2014,"2014",59132,12691,"Santa Barbara, CA","16000US0669070","santa-barbara-ca"
0,"Male",1,"Agriculture, Forestry, Fishing & Hunting, & Mining",2013,"2013",23411,13259,"Santa Barbara, CA","16000US0669070","santa-barbara-ca"
0,"Male",2,"Construction",2013,"2013",31904,7099,"Santa Barbara, CA","16000US0669070","santa-barbara-ca"
0,"Male",3,"Manufacturing",2013,"2013",54121,5584,"Santa Barbara, CA","16000US0669070","santa-barbara-ca"
0,"Male",4,"Wholesale Trade",2013,"2013",51316,35110,"Santa Barbara, CA","16000US0669070","santa-barbara-ca"
0,"Male",5,"Retail Trade",2013,"2013",27338,5366,"Santa Barbara, CA","16000US0669070","santa-barbara-ca"
0,"Male",6,"Transportation & Warehousing, & Utilities",2013,"2013",57159,11763,"Santa Barbara, CA","16000US0669070","santa-barbara-ca"
0,"Male",7,"Information",2013,"2013",62578,26816,"Santa Barbara, CA","16000US0669070","santa-barbara-ca"
0,"Male",8,"Finance & Insurance, & Real Estate & Rental & Leasing",2013,"2013",70551,17252,"Santa Barbara, CA","16000US0669070","santa-barbara-ca"
0,"Male",9,"Professional, Scientific, & Management, & Administrative & Waste Management Services",2013,"2013",43918,11835,"Santa Barbara, CA","16000US0669070","santa-barbara-ca"
0,"Male",10,"Educational Services, & Health Care & Social Assistance",2013,"2013",61709,2154,"Santa Barbara, CA","16000US0669070","santa-barbara-ca"
0,"Male",11,"Arts, Entertainment, & Recreation, & Accommodations & Food Services",2013,"2013",22226,3171,"Santa Barbara, CA","16000US0669070","santa-barbara-ca"
0,"Male",13,"Other Services Except Public Administration",2013,"2013",25574,2123,"Santa Barbara, CA","16000US0669070","santa-barbara-ca"
0,"Male",14,"Public Administration",2013,"2013",84925,17249,"Santa Barbara, CA","16000US0669070","santa-barbara-ca"
1,"Female",1,"Agriculture, Forestry, Fishing & Hunting, & Mining",2013,"2013",16898,10896,"Santa Barbara, CA","16000US0669070","santa-barbara-ca"
1,"Female",2,"Construction",2013,"2013",49306,70362,"Santa Barbara, CA","16000US0669070","santa-barbara-ca"
1,"Female",3,"Manufacturing",2013,"2013",43712,7253,"Santa Barbara, CA","16000US0669070","santa-barbara-ca"
1,"Female",4,"Wholesale Trade",2013,"2013",44023,9300,"Santa Barbara, CA","16000US0669070","santa-barbara-ca"
1,"Female",5,"Retail Trade",2013,"2013",20061,6001,"Santa Barbara, CA","16000US0669070","santa-barbara-ca"
1,"Female",6,"Transportation & Warehousing, & Utilities",2013,"2013",37150,9290,"Santa Barbara, CA","16000US0669070","santa-barbara-ca"
1,"Female",7,"Information",2013,"2013",42426,15816,"Santa Barbara, CA","16000US0669070","santa-barbara-ca"
1,"Female",8,"Finance & Insurance, & Real Estate & Rental & Leasing",2013,"2013",36806,6691,"Santa Barbara, CA","16000US0669070","santa-barbara-ca"
1,"Female",9,"Professional, Scientific, & Management, & Administrative & Waste Management Services",2013,"2013",36898,9364,"Santa Barbara, CA","16000US0669070","santa-barbara-ca"
1,"Female",10,"Educational Services, & Health Care & Social Assistance",2013,"2013",36647,3358,"Santa Barbara, CA","16000US0669070","santa-barbara-ca"
1,"Female",11,"Arts, Entertainment, & Recreation, & Accommodations & Food Services",2013,"2013",16540,964,"Santa Barbara, CA","16000US0669070","santa-barbara-ca"
1,"Female",13,"Other Services Except Public Administration",2013,"2013",18560,2757,"Santa Barbara, CA","16000US0669070","santa-barbara-ca"
1,"Female",14,"Public Administration",2013,"2013",53594,13962,"Santa Barbara, CA","16000US0669070","santa-barbara-ca"